cyc,int_violation,solver,intdrummax,int_hst_abv,intpgeresbalance,intsjrdiversion,int_sjr205,int_sackaccr_abv,int_mpinflow_abv,int_makeup,c4_dfg_red_trig,ei_int_fm,pulse_int_apr,pulse_int_may,int_coa_fm,sl_int_fm,int_unknown,int_bso,int_eastside,int_mweir1,int_mweir2,int_cweir1,int_cweir2,int_tweir,int_tweir0,int_tweir1,int_tweir2,int_fweir1,int_fweir2,int_sweir,int_sluis_swp_full,int_sac_below,int_tp_fill,int_lvp_fill,int_i422_p,int_sac097,int_cbd001,int_klr005corr,int_hands,int_whs_stor_chg,int_ibu_uwfe,
1921_10_c03: ,false,c__,,,,,,,,,,,,,,,,,,,,,,,,,,,,,,,,,,,,,,,
1921_10_c04: ,false,c__,,,,,,,,,,,,,,,,,,,,,,,,,,,,,,,,,,,,,,,
1921_10_c05: ,false,c__,,,,,,,,,,,,,,,,,,,,,,,,,,,,,,,,,,,,,,,
1921_10_c06: ,false,c__,,,,,,,,,,,,,,,,,,,,,,,,,,,,,,,,,,,,,,,
1921_10_c07: ,false,c__,,,,,,,,,,,,,,,,,,,,,,,,,,,,,,,,,,,,,,,
1921_10_c08: ,false,c__,,,,,,,,,,,,,,,,,,,,,,,,,,,,,,,,,,,,,,,
1921_10_c11: ,false,c__,,,,,,,,,,,,,,,,,,,,,,,,,,,,,,,,,,,,,,,
1921_10_c12: ,false,c__,,,,,,,,,,,,,,,,,,,,,,,,,,,,,,,,,,,,,,,
1921_10_c13: ,false,c__,,,,,,,,,,,,,,,,,,,,,,,,,,,,,,,,,,,,,,,
1921_10_c14: ,false,c__,,,,,,,,,,,,,,,,,,,,,,,,,,,,,,,,,,,,,,,
1921_10_c15: ,false,whs,,,,1.0,0.0,0.0,0.0,,,,,,,,,,,,,,,,,,,,,,,,,,,,,,,,
1921_10_c16: ,false,whs,,,,1.0,0.0,0.0,0.0,,,,,,,,,,,,,,,,,,,,,,,,,,,,,,,,
1921_10_c17: ,false,whs,,,,1.0,0.0,0.0,0.0,,,,,,,,,,,,,,,,,,,,,,,,,,,,,,,,
1921_10_c18: ,false,whs,,,,1.0,0.0,0.0,0.0,,,,,,,,,,,,,,,,,,,,,,,,,,,,,,,,
1921_10_c19: ,false,whs,,,,1.0,0.0,0.0,0.0,,,,,,,,,,,,,,,,,,,,,,,,,,,,,,,,
1921_10_c24: ,false,c__,,,,1.0,0.0,,,,,,,,,,,,,,,,,,,,,,,,,,,,,,,,,,
1921_10_c25: ,false,whs,,1.0,,1.0,0.0,,,,,,,,,,0.0,0.0,0.0,0.0,0.0,0.0,0.0,0.0,1.0,0.0,0.0,0.0,0.0,0.0,0.0,1.0,1.0,1.0,0.0,1.0,0.0,0.0,1.0,1.0,1.0
1921_10_c26: ,false,whs,,1.0,,1.0,0.0,,,,,,,,,,0.0,0.0,0.0,0.0,0.0,0.0,0.0,0.0,1.0,0.0,0.0,0.0,0.0,0.0,0.0,1.0,1.0,1.0,0.0,1.0,0.0,0.0,1.0,1.0,1.0
1921_10_c27: ,false,whs,,1.0,,1.0,0.0,,,,,,,,,,0.0,0.0,0.0,0.0,0.0,0.0,0.0,0.0,1.0,0.0,0.0,0.0,0.0,0.0,0.0,1.0,1.0,1.0,0.0,1.0,0.0,0.0,1.0,1.0,1.0
1921_10_c28: ,false,whs,,1.0,,1.0,0.0,,,,,,,,,,0.0,0.0,0.0,0.0,0.0,0.0,0.0,0.0,1.0,0.0,0.0,0.0,0.0,0.0,0.0,1.0,1.0,1.0,0.0,1.0,0.0,0.0,1.0,1.0,1.0
1921_10_c29: ,false,whs,,0.0,,1.0,0.0,,,,,,,,,,0.0,0.0,0.0,0.0,0.0,0.0,0.0,0.0,1.0,0.0,0.0,0.0,0.0,0.0,0.0,1.0,1.0,1.0,0.0,,0.0,0.0,1.0,1.0,0.0
1921_10_c30: ,false,whs,,1.0,,1.0,0.0,,,,,,,,,,0.0,0.0,0.0,0.0,0.0,0.0,0.0,0.0,1.0,0.0,0.0,0.0,0.0,0.0,0.0,1.0,1.0,1.0,0.0,,0.0,0.0,1.0,1.0,1.0
1921_10_c31: ,false,whs,,1.0,,1.0,0.0,,,,,,,,,,0.0,0.0,0.0,0.0,0.0,0.0,0.0,0.0,1.0,0.0,0.0,,,,0.0,1.0,1.0,1.0,0.0,,0.0,0.0,1.0,1.0,1.0
1921_10_c32: ,false,whs,,1.0,,1.0,0.0,,,,,,,,,,0.0,0.0,0.0,0.0,0.0,0.0,0.0,0.0,1.0,0.0,0.0,,,,0.0,1.0,1.0,1.0,0.0,,0.0,0.0,1.0,1.0,0.0
1921_10_c33: ,false,whs,,1.0,,1.0,0.0,,,,,,,,,,0.0,0.0,0.0,0.0,0.0,0.0,0.0,0.0,1.0,0.0,0.0,,,,0.0,1.0,1.0,1.0,0.0,,0.0,0.0,1.0,1.0,0.0
1921_10_c34: ,false,whs,,1.0,,1.0,0.0,,,,,,,,,,0.0,0.0,0.0,0.0,0.0,0.0,0.0,0.0,1.0,0.0,0.0,,,,0.0,1.0,1.0,1.0,0.0,,0.0,0.0,1.0,1.0,0.0
1921_10_c35: ,false,whs,,1.0,,1.0,0.0,,,,,,,,,,0.0,0.0,0.0,0.0,0.0,0.0,0.0,0.0,1.0,0.0,0.0,,,,0.0,1.0,1.0,1.0,0.0,,0.0,0.0,1.0,1.0,0.0
1921_10_c36: ,false,whs,,1.0,,1.0,0.0,,,,,,,,,,0.0,0.0,0.0,0.0,0.0,0.0,0.0,0.0,1.0,0.0,0.0,,,,0.0,1.0,1.0,1.0,0.0,,0.0,0.0,1.0,1.0,0.0
1921_10_c37: ,false,whs,,1.0,,1.0,0.0,,,,,,,,,,0.0,0.0,0.0,0.0,0.0,0.0,0.0,0.0,1.0,0.0,0.0,,,,0.0,1.0,1.0,1.0,0.0,,0.0,0.0,1.0,1.0,0.0
1921_10_c38: ,false,whs,,1.0,,1.0,0.0,,,,,,,,,,0.0,0.0,0.0,0.0,0.0,0.0,0.0,0.0,1.0,0.0,0.0,,,,0.0,1.0,1.0,1.0,0.0,,0.0,0.0,1.0,1.0,0.0
1921_11_c03: ,false,c__,,,,,,,,,,,,,,,,,,,,,,,,,,,,,,,,,,,,,,,
1921_11_c04: ,false,c__,,,,,,,,,,,,,,,,,,,,,,,,,,,,,,,,,,,,,,,
1921_11_c05: ,false,c__,,,,,,,,,,,,,,,,,,,,,,,,,,,,,,,,,,,,,,,
1921_11_c06: ,false,c__,,,,,,,,,,,,,,,,,,,,,,,,,,,,,,,,,,,,,,,
1921_11_c07: ,false,c__,,,,,,,,,,,,,,,,,,,,,,,,,,,,,,,,,,,,,,,
1921_11_c08: ,false,c__,,,,,,,,,,,,,,,,,,,,,,,,,,,,,,,,,,,,,,,
1921_11_c11: ,false,c__,,,,,,,,,,,,,,,,,,,,,,,,,,,,,,,,,,,,,,,
1921_11_c12: ,false,c__,,,,,,,,,,,,,,,,,,,,,,,,,,,,,,,,,,,,,,,
1921_11_c13: ,false,c__,,,,,,,,,,,,,,,,,,,,,,,,,,,,,,,,,,,,,,,
1921_11_c14: ,false,c__,,,,,,,,,,,,,,,,,,,,,,,,,,,,,,,,,,,,,,,
1921_11_c15: ,false,whs,,,,1.0,0.0,0.0,0.0,,,,,,,,,,,,,,,,,,,,,,,,,,,,,,,,
1921_11_c16: ,false,whs,,,,1.0,0.0,0.0,0.0,,,,,,,,,,,,,,,,,,,,,,,,,,,,,,,,
1921_11_c17: ,false,whs,,,,1.0,0.0,0.0,0.0,,,,,,,,,,,,,,,,,,,,,,,,,,,,,,,,
1921_11_c18: ,false,whs,,,,1.0,0.0,0.0,0.0,,,,,,,,,,,,,,,,,,,,,,,,,,,,,,,,
1921_11_c19: ,false,whs,,,,1.0,0.0,0.0,0.0,,,,,,,,,,,,,,,,,,,,,,,,,,,,,,,,
1921_11_c24: ,false,c__,,,,1.0,0.0,,,,,,,,,,,,,,,,,,,,,,,,,,,,,,,,,,
1921_11_c25: ,false,whs,,0.0,,1.0,0.0,,,,,,,,,,0.0,0.0,0.0,0.0,0.0,0.0,0.0,0.0,1.0,0.0,0.0,0.0,0.0,0.0,0.0,1.0,1.0,0.0,0.0,1.0,0.0,0.0,1.0,1.0,1.0
1921_11_c26: ,false,whs,,0.0,,1.0,0.0,,,,,,,,,,0.0,0.0,0.0,0.0,0.0,0.0,0.0,0.0,1.0,0.0,0.0,0.0,0.0,0.0,0.0,1.0,1.0,0.0,0.0,1.0,0.0,0.0,1.0,1.0,1.0
1921_11_c27: ,false,whs,,0.0,,1.0,0.0,,,,,,,,,,0.0,0.0,0.0,0.0,0.0,0.0,0.0,0.0,1.0,0.0,0.0,0.0,0.0,0.0,0.0,1.0,1.0,0.0,0.0,1.0,0.0,0.0,1.0,1.0,1.0
1921_11_c28: ,false,whs,,0.0,,1.0,0.0,,,,,,,,,,0.0,0.0,0.0,0.0,0.0,0.0,0.0,0.0,1.0,0.0,0.0,0.0,0.0,0.0,0.0,1.0,1.0,0.0,0.0,1.0,0.0,0.0,1.0,1.0,1.0
1921_11_c29: ,false,whs,,0.0,,1.0,0.0,,,,,,,,,,0.0,0.0,0.0,0.0,0.0,0.0,0.0,0.0,1.0,0.0,0.0,0.0,0.0,0.0,0.0,1.0,1.0,0.0,0.0,,0.0,0.0,1.0,1.0,1.0
1921_11_c30: ,false,whs,,0.0,,1.0,0.0,,,,,,,,,,0.0,0.0,0.0,0.0,0.0,0.0,0.0,0.0,1.0,0.0,0.0,0.0,0.0,0.0,0.0,1.0,1.0,0.0,0.0,,0.0,0.0,1.0,1.0,1.0
1921_11_c31: ,false,whs,,0.0,,1.0,0.0,,,,,,,,,,0.0,0.0,0.0,0.0,0.0,0.0,0.0,0.0,1.0,0.0,0.0,,,,0.0,1.0,1.0,0.0,0.0,,0.0,0.0,1.0,1.0,1.0
1921_11_c32: ,false,whs,,0.0,,1.0,0.0,,,,,,,,,,0.0,0.0,0.0,0.0,0.0,0.0,0.0,0.0,1.0,0.0,0.0,,,,0.0,1.0,1.0,0.0,0.0,,0.0,0.0,1.0,1.0,1.0
1921_11_c33: ,false,whs,,0.0,,1.0,0.0,,,,,,,,,,0.0,0.0,0.0,0.0,0.0,0.0,0.0,0.0,1.0,0.0,0.0,,,,0.0,1.0,1.0,0.0,0.0,,0.0,0.0,1.0,1.0,1.0
1921_11_c34: ,false,whs,,0.0,,1.0,0.0,,,,,,,,,,0.0,0.0,0.0,0.0,0.0,0.0,0.0,0.0,1.0,0.0,0.0,,,,0.0,1.0,1.0,0.0,0.0,,0.0,0.0,1.0,1.0,1.0
1921_11_c35: ,false,whs,,0.0,,1.0,0.0,,,,,,,,,,0.0,0.0,0.0,0.0,0.0,0.0,0.0,0.0,1.0,0.0,0.0,,,,0.0,1.0,1.0,0.0,0.0,,0.0,0.0,1.0,1.0,1.0
1921_11_c36: ,false,whs,,0.0,,1.0,0.0,,,,,,,,,,0.0,0.0,0.0,0.0,0.0,0.0,0.0,0.0,1.0,0.0,0.0,,,,0.0,1.0,1.0,0.0,0.0,,0.0,0.0,1.0,1.0,1.0
1921_11_c37: ,false,whs,,0.0,,1.0,0.0,,,,,,,,,,0.0,0.0,0.0,0.0,0.0,0.0,0.0,0.0,1.0,0.0,0.0,,,,0.0,1.0,1.0,0.0,0.0,,0.0,0.0,1.0,1.0,1.0
1921_11_c38: ,false,whs,,0.0,,1.0,0.0,,,,,,,,,,0.0,0.0,0.0,0.0,0.0,0.0,0.0,0.0,1.0,0.0,0.0,,,,0.0,1.0,1.0,0.0,0.0,,0.0,0.0,1.0,1.0,1.0
1921_12_c03: ,false,c__,,,,,,,,,,,,,,,,,,,,,,,,,,,,,,,,,,,,,,,
1921_12_c04: ,false,c__,,,,,,,,,,,,,,,,,,,,,,,,,,,,,,,,,,,,,,,
1921_12_c05: ,false,c__,,,,,,,,,,,,,,,,,,,,,,,,,,,,,,,,,,,,,,,
1921_12_c06: ,false,c__,,,,,,,,,,,,,,,,,,,,,,,,,,,,,,,,,,,,,,,
1921_12_c07: ,false,c__,,,,,,,,,,,,,,,,,,,,,,,,,,,,,,,,,,,,,,,
1921_12_c08: ,false,c__,,,,,,,,,,,,,,,,,,,,,,,,,,,,,,,,,,,,,,,
1921_12_c11: ,false,c__,,,,,,,,,,,,,,,,,,,,,,,,,,,,,,,,,,,,,,,
1921_12_c12: ,false,c__,,,,,,,,,,,,,,,,,,,,,,,,,,,,,,,,,,,,,,,
1921_12_c13: ,false,c__,,,,,,,,,,,,,,,,,,,,,,,,,,,,,,,,,,,,,,,
1921_12_c14: ,false,c__,,,,,,,,,,,,,,,,,,,,,,,,,,,,,,,,,,,,,,,
1921_12_c15: ,false,c__,,,,1.0,0.0,1.0,0.0,,,,,,,,,,,,,,,,,,,,,,,,,,,,,,,,
1921_12_c16: ,false,whs,,,,1.0,0.0,1.0,0.0,,,,,,,,,,,,,,,,,,,,,,,,,,,,,,,,
1921_12_c17: ,false,whs,,,,1.0,0.0,1.0,0.0,,,,,,,,,,,,,,,,,,,,,,,,,,,,,,,,
1921_12_c18: ,false,whs,,,,1.0,0.0,1.0,0.0,,,,,,,,,,,,,,,,,,,,,,,,,,,,,,,,
1921_12_c19: ,false,whs,,,,1.0,0.0,1.0,0.0,,,,,,,,,,,,,,,,,,,,,,,,,,,,,,,,
1921_12_c24: ,false,c__,,,,1.0,0.0,,,,,,,,,,,,,,,,,,,,,,,,,,,,,,,,,,
1921_12_c25: ,false,whs,,0.0,,1.0,0.0,,,,,,,,,,0.0,0.0,0.0,0.0,0.0,0.0,0.0,0.0,1.0,0.0,0.0,0.0,0.0,0.0,0.0,1.0,0.0,0.0,1.0,1.0,0.0,0.0,1.0,1.0,1.0
1921_12_c26: ,false,whs,,0.0,,1.0,0.0,,,,,,,,,,0.0,0.0,0.0,0.0,0.0,0.0,0.0,0.0,1.0,0.0,0.0,0.0,0.0,0.0,0.0,1.0,0.0,0.0,1.0,1.0,0.0,0.0,1.0,1.0,1.0
1921_12_c27: ,false,whs,,0.0,,1.0,0.0,,,,,,,,,,0.0,0.0,0.0,0.0,0.0,0.0,0.0,0.0,1.0,0.0,0.0,0.0,0.0,0.0,0.0,1.0,0.0,0.0,1.0,1.0,0.0,0.0,1.0,1.0,1.0
1921_12_c28: ,false,whs,,0.0,,1.0,0.0,,,,,,,,,,0.0,0.0,0.0,0.0,0.0,0.0,0.0,0.0,1.0,0.0,0.0,0.0,0.0,0.0,0.0,1.0,0.0,0.0,1.0,1.0,0.0,0.0,1.0,1.0,1.0
1921_12_c29: ,false,whs,,0.0,,1.0,0.0,,,,,,,,,,0.0,0.0,0.0,0.0,0.0,0.0,0.0,0.0,1.0,0.0,0.0,0.0,0.0,0.0,0.0,1.0,0.0,0.0,1.0,,0.0,0.0,1.0,1.0,1.0
1921_12_c30: ,false,whs,,0.0,,1.0,0.0,,,,,,,,,,0.0,0.0,0.0,0.0,0.0,0.0,0.0,0.0,1.0,0.0,0.0,0.0,0.0,0.0,0.0,1.0,0.0,0.0,1.0,,0.0,0.0,1.0,1.0,1.0
1921_12_c31: ,false,whs,,0.0,,1.0,0.0,,,,,,,,,,0.0,0.0,0.0,0.0,0.0,0.0,0.0,0.0,1.0,0.0,0.0,,,,0.0,1.0,0.0,0.0,1.0,,0.0,0.0,1.0,1.0,1.0
1921_12_c32: ,false,whs,,0.0,,1.0,0.0,,,,,,,,,,0.0,0.0,0.0,0.0,0.0,0.0,0.0,0.0,1.0,0.0,0.0,,,,0.0,1.0,0.0,0.0,1.0,,0.0,0.0,1.0,1.0,1.0
1921_12_c33: ,false,whs,,0.0,,1.0,0.0,,,,,,,,,,0.0,0.0,0.0,0.0,0.0,0.0,0.0,0.0,1.0,0.0,0.0,,,,0.0,1.0,0.0,0.0,1.0,,0.0,0.0,1.0,1.0,1.0
1921_12_c34: ,false,whs,,0.0,,1.0,0.0,,,,,,,,,,0.0,0.0,0.0,0.0,0.0,0.0,0.0,0.0,1.0,0.0,0.0,,,,0.0,1.0,0.0,0.0,1.0,,0.0,0.0,1.0,1.0,1.0
1921_12_c35: ,false,whs,,0.0,,1.0,0.0,,,,,,,,,,0.0,0.0,0.0,0.0,0.0,0.0,0.0,0.0,1.0,0.0,0.0,,,,0.0,1.0,0.0,0.0,1.0,,0.0,0.0,1.0,1.0,1.0
1921_12_c36: ,false,whs,,0.0,,1.0,0.0,,,,,,,,,,0.0,0.0,0.0,0.0,0.0,0.0,0.0,0.0,1.0,0.0,0.0,,,,0.0,1.0,0.0,0.0,1.0,,0.0,0.0,1.0,1.0,1.0
1921_12_c37: ,false,whs,,0.0,,1.0,0.0,,,,,,,,,,0.0,0.0,0.0,0.0,0.0,0.0,0.0,0.0,1.0,0.0,0.0,,,,0.0,1.0,0.0,0.0,1.0,,0.0,0.0,1.0,1.0,1.0
1921_12_c38: ,false,whs,,0.0,,1.0,0.0,,,,,,,,,,0.0,0.0,0.0,0.0,0.0,0.0,0.0,0.0,1.0,0.0,0.0,,,,0.0,1.0,0.0,0.0,1.0,,0.0,0.0,1.0,1.0,1.0
1922_01_c01: ,false,c__,,,,,,,,,,,,,,,,,,,,,,,,,,,,,,,,,,,,,,,
1922_01_c02: ,false,c__,,,,,,,,,,,,,,,,,,,,,,,,,,,,,,,,,,,,,,,
1922_01_c03: ,false,c__,,,,,,,,,,,,,,,,,,,,,,,,,,,,,,,,,,,,,,,
1922_01_c04: ,false,c__,,,,,,,,,,,,,,,,,,,,,,,,,,,,,,,,,,,,,,,
1922_01_c05: ,false,c__,,,,,,,,,,,,,,,,,,,,,,,,,,,,,,,,,,,,,,,
1922_01_c06: ,false,c__,,,,,,,,,,,,,,,,,,,,,,,,,,,,,,,,,,,,,,,
1922_01_c07: ,false,c__,,,,,,,,,,,,,,,,,,,,,,,,,,,,,,,,,,,,,,,
1922_01_c08: ,false,c__,,,,,,,,,,,,,,,,,,,,,,,,,,,,,,,,,,,,,,,
1922_01_c11: ,false,c__,,,,,,,,,,,,,,,,,,,,,,,,,,,,,,,,,,,,,,,
1922_01_c12: ,false,c__,,,,,,,,,,,,,,,,,,,,,,,,,,,,,,,,,,,,,,,
1922_01_c13: ,false,c__,,,,,,,,,,,,,,,,,,,,,,,,,,,,,,,,,,,,,,,
1922_01_c14: ,false,c__,,,,,,,,,,,,,,,,,,,,,,,,,,,,,,,,,,,,,,,
1922_01_c15: ,false,whs,,,,1.0,0.0,0.0,0.0,,,,,,,,,,,,,,,,,,,,,,,,,,,,,,,,
1922_01_c16: ,false,whs,,,,1.0,0.0,0.0,0.0,,,,,,,,,,,,,,,,,,,,,,,,,,,,,,,,
1922_01_c17: ,false,whs,,,,1.0,0.0,0.0,0.0,,,,,,,,,,,,,,,,,,,,,,,,,,,,,,,,
1922_01_c18: ,false,whs,,,,1.0,0.0,0.0,0.0,,,,,,,,,,,,,,,,,,,,,,,,,,,,,,,,
1922_01_c19: ,false,whs,,,,1.0,0.0,0.0,0.0,,,,,,,,,,,,,,,,,,,,,,,,,,,,,,,,
